voiceCredits,voterId,owner,round
105,1,0x288fE43139741F91a8Cbb6F4adD83811c794851b,"[30, 5]"
116,2,0x288fE43139741F91a8Cbb6F4adD83811c794851b,"[30, 5]"
109,3,0x288fE43139741F91a8Cbb6F4adD83811c794851b,"[30, 5]"
322,4,0x68aAA618D6B7F5C9363760AC473d91056Fc7aC01,"[30, 5]"
250,5,0x68aAA618D6B7F5C9363760AC473d91056Fc7aC01,"[30, 5]"
177,6,0x68aAA618D6B7F5C9363760AC473d91056Fc7aC01,"[30, 5]"
100,7,0x6d359982D9A750AC7e9b2a5211B390C8021A7F5f,"[30, 5]"
125,8,0x26098C24cA52ae70FF173817E2285A7971c22139,"[30, 5]"
100,9,0x93f513A75B6C737354ad71c054B9e66fF9B7Bd42,"[30, 5]"
152,10,0x93f513A75B6C737354ad71c054B9e66fF9B7Bd42,"[30, 5]"
110,11,0x185F5F1b81bd93b0D2D91c55Ca63dC06BB5314ac,"[30, 5]"
1384,12,0xeb65ec7260E5f81Ee1A8F00A25f2c382D838E37B,"[30, 5]"
229,13,0x804301A31895C7b08c83Fb37bbC1382C77D5A9e1,"[30, 5]"
100,14,0x4Bb85B540b0c310f8C235c78A5DF67d4b171e03F,"[30, 5]"
141,15,0xE8CB936a70BBc40f7557a5837546139752A893db,"[30, 5]"
100,16,0xDec10D38f6A5CCa2a16cE5714e372D14aDf67742,"[30, 5]"
100,17,0x14Af1F801E88314a9a677A0D35517C1D43c51f51,"[30, 5]"
100,18,0xb86480BE80064e9ADDa8410eB5538BBc23aab7c8,"[30, 5]"
206,19,0xE319d04FEd54c473A956209cC90eCEBF6df3FB47,"[30, 5]"
100,20,0x3b9E9D3A0C69E01b8d73A8f31EEA4A243B2a7F44,"[30, 5]"
100,21,0x67acB72ea79131bb6061470413221B3584Fce640,"[30, 5]"
100,22,0x67acB72ea79131bb6061470413221B3584Fce640,"[30, 5]"
100,23,0x67acB72ea79131bb6061470413221B3584Fce640,"[30, 5]"
141,24,0xE8CB936a70BBc40f7557a5837546139752A893db,"[30, 5]"
141,25,0xE8CB936a70BBc40f7557a5837546139752A893db,"[30, 5]"
141,26,0xE8CB936a70BBc40f7557a5837546139752A893db,"[30, 5]"
116,27,0xE8CB936a70BBc40f7557a5837546139752A893db,"[30, 5]"
118,28,0x185F5F1b81bd93b0D2D91c55Ca63dC06BB5314ac,"[30, 5]"
116,29,0xa32cc2f7BaE31c79aB75D0bc39182fd113c53790,"[30, 5]"
132,30,0xE8CB936a70BBc40f7557a5837546139752A893db,"[30, 5]"
100,31,0x3b9E9D3A0C69E01b8d73A8f31EEA4A243B2a7F44,"[30, 5]"
132,32,0xE8CB936a70BBc40f7557a5837546139752A893db,"[30, 5]"
100,33,0x3b9E9D3A0C69E01b8d73A8f31EEA4A243B2a7F44,"[30, 5]"
132,34,0xE8CB936a70BBc40f7557a5837546139752A893db,"[30, 5]"
502,35,0x28de46689b899af843Ec549199AD70a75ad4d960,"[30, 5]"
132,36,0xE8CB936a70BBc40f7557a5837546139752A893db,"[30, 5]"
501,37,0x28de46689b899af843Ec549199AD70a75ad4d960,"[30, 5]"
100,38,0x3b9E9D3A0C69E01b8d73A8f31EEA4A243B2a7F44,"[30, 5]"
132,39,0xE8CB936a70BBc40f7557a5837546139752A893db,"[30, 5]"
153,40,0x2c39B8C5B9D31299449474A4D0bcd8F9A32751E4,"[30, 5]"
100,41,0x3b9E9D3A0C69E01b8d73A8f31EEA4A243B2a7F44,"[30, 5]"
132,42,0xE8CB936a70BBc40f7557a5837546139752A893db,"[30, 5]"
132,43,0xE8CB936a70BBc40f7557a5837546139752A893db,"[30, 5]"
1358,44,0xeb65ec7260E5f81Ee1A8F00A25f2c382D838E37B,"[30, 5]"
132,45,0xE8CB936a70BBc40f7557a5837546139752A893db,"[30, 5]"
2185,46,0xeb65ec7260E5f81Ee1A8F00A25f2c382D838E37B,"[30, 5]"
109,47,0x185F5F1b81bd93b0D2D91c55Ca63dC06BB5314ac,"[30, 5]"
132,48,0xE8CB936a70BBc40f7557a5837546139752A893db,"[30, 5]"
1620,49,0xeb65ec7260E5f81Ee1A8F00A25f2c382D838E37B,"[30, 5]"
132,50,0xE8CB936a70BBc40f7557a5837546139752A893db,"[30, 5]"
168,51,0x804301A31895C7b08c83Fb37bbC1382C77D5A9e1,"[30, 5]"
100,52,0x3b9E9D3A0C69E01b8d73A8f31EEA4A243B2a7F44,"[30, 5]"
104,53,0x2c39B8C5B9D31299449474A4D0bcd8F9A32751E4,"[30, 5]"
3475,54,0xf300E342c7d275759C9049f4B178040dcFae1B70,"[30, 5]"
100,55,0x2c39B8C5B9D31299449474A4D0bcd8F9A32751E4,"[30, 5]"
134,56,0x3dcbA64c3596aA254AD41502d8E15f9b54Aa6e61,"[30, 5]"
100,57,0x4140100f2229122245E981c3874ba29CC183c8Dc,"[30, 5]"
1346,58,0xf300E342c7d275759C9049f4B178040dcFae1B70,"[30, 5]"
100,59,0xaf78260c92a513C2700A98dD2A11c16e51e4EBF3,"[30, 5]"
118,60,0xcc7E4F0126Df47a84F53C8623659154a18c42239,"[30, 5]"
2903,61,0xf300E342c7d275759C9049f4B178040dcFae1B70,"[30, 5]"
100,62,0xb86480BE80064e9ADDa8410eB5538BBc23aab7c8,"[30, 5]"
334,63,0x5bEE938736df6cb720D54Db2dFb1e17786CAa318,"[30, 5]"
100,64,0x5bEE938736df6cb720D54Db2dFb1e17786CAa318,"[30, 5]"
118,65,0xcc7E4F0126Df47a84F53C8623659154a18c42239,"[30, 5]"
1261,66,0xf300E342c7d275759C9049f4B178040dcFae1B70,"[30, 5]"
134,67,0x3dcbA64c3596aA254AD41502d8E15f9b54Aa6e61,"[30, 5]"
100,68,0x1bF4423D76AA9FC3ACaa97ca416602817e90Ae7e,"[30, 5]"
100,69,0x5bEE938736df6cb720D54Db2dFb1e17786CAa318,"[30, 5]"
100,70,0xe6aAe6aF6e89CF9386994a47aB4C5127F7a5C4C8,"[30, 5]"
100,71,0xe6aAe6aF6e89CF9386994a47aB4C5127F7a5C4C8,"[30, 5]"
118,72,0xcc7E4F0126Df47a84F53C8623659154a18c42239,"[30, 5]"
134,73,0x93f513A75B6C737354ad71c054B9e66fF9B7Bd42,"[30, 5]"
100,74,0x3b9E9D3A0C69E01b8d73A8f31EEA4A243B2a7F44,"[30, 5]"
1364,75,0xeb65ec7260E5f81Ee1A8F00A25f2c382D838E37B,"[30, 5]"
100,76,0x475c3D8ED09774069D028B4BC009fecB07f2517D,"[30, 5]"
100,77,0xaee49A2b3D6dB4D76d9994B829F2da3bd65626ad,"[30, 5]"
103,78,0x932632a152266d7c53371FbCe16dB0b6d4886F17,"[30, 5]"
100,79,0x61FA648c999E8C2F95D8fe6F3F3094AdDe8C26Ad,"[30, 5]"
100,80,0x3b9E9D3A0C69E01b8d73A8f31EEA4A243B2a7F44,"[30, 5]"
100,81,0xA5a1a7d0bd4533F5B549Fb4915D839199E1ACE36,"[30, 5]"
118,82,0xcc7E4F0126Df47a84F53C8623659154a18c42239,"[30, 5]"
118,83,0xcc7E4F0126Df47a84F53C8623659154a18c42239,"[30, 5]"
118,84,0xcc7E4F0126Df47a84F53C8623659154a18c42239,"[30, 5]"
100,85,0xfc39647ED9BAbFa711cf455AF5Fd07B6EC42C308,"[30, 5]"
958,86,0x4Ac0594f7cc48A1c3F93ED77C8bb3E09a6Fc7F87,"[30, 5]"
118,87,0xcc7E4F0126Df47a84F53C8623659154a18c42239,"[30, 5]"
129,88,0x3dcbA64c3596aA254AD41502d8E15f9b54Aa6e61,"[30, 5]"
134,89,0x3dcbA64c3596aA254AD41502d8E15f9b54Aa6e61,"[30, 5]"
100,90,0x43c574DBe7B62120A65Af6688d2D57486Ae70258,"[30, 5]"
134,91,0x3dcbA64c3596aA254AD41502d8E15f9b54Aa6e61,"[30, 5]"
579,92,0x10F043fd81bB740253F64394a4781e48ae9E2006,"[30, 5]"
100,93,0xd836da33a6629548271eb9ef4f62D083376eB4A6,"[30, 5]"
141,94,0x3dcbA64c3596aA254AD41502d8E15f9b54Aa6e61,"[30, 5]"
544,95,0x10F043fd81bB740253F64394a4781e48ae9E2006,"[30, 5]"
696,96,0x10F043fd81bB740253F64394a4781e48ae9E2006,"[30, 5]"
696,97,0x10F043fd81bB740253F64394a4781e48ae9E2006,"[30, 5]"
500,98,0x10F043fd81bB740253F64394a4781e48ae9E2006,"[30, 5]"
125,99,0x3dcbA64c3596aA254AD41502d8E15f9b54Aa6e61,"[30, 5]"
500,100,0x10F043fd81bB740253F64394a4781e48ae9E2006,"[30, 5]"
689,101,0x10F043fd81bB740253F64394a4781e48ae9E2006,"[30, 5]"
125,102,0x3dcbA64c3596aA254AD41502d8E15f9b54Aa6e61,"[30, 5]"
141,103,0x3dcbA64c3596aA254AD41502d8E15f9b54Aa6e61,"[30, 5]"
1480,104,0xE3b2F16a52671AF6a5d498D3CfDcCCdC2Ad0D58f,"[30, 5]"
141,105,0x3dcbA64c3596aA254AD41502d8E15f9b54Aa6e61,"[30, 5]"
141,106,0x3dcbA64c3596aA254AD41502d8E15f9b54Aa6e61,"[30, 5]"
125,107,0x3dcbA64c3596aA254AD41502d8E15f9b54Aa6e61,"[30, 5]"
125,108,0x3dcbA64c3596aA254AD41502d8E15f9b54Aa6e61,"[30, 5]"
125,109,0x3dcbA64c3596aA254AD41502d8E15f9b54Aa6e61,"[30, 5]"
703,110,0x10F043fd81bB740253F64394a4781e48ae9E2006,"[30, 5]"
500,111,0x10F043fd81bB740253F64394a4781e48ae9E2006,"[30, 5]"
544,112,0x10F043fd81bB740253F64394a4781e48ae9E2006,"[30, 5]"
125,113,0x3dcbA64c3596aA254AD41502d8E15f9b54Aa6e61,"[30, 5]"
1464,114,0xeb65ec7260E5f81Ee1A8F00A25f2c382D838E37B,"[30, 5]"
1055,115,0xeb65ec7260E5f81Ee1A8F00A25f2c382D838E37B,"[30, 5]"
125,116,0x3dcbA64c3596aA254AD41502d8E15f9b54Aa6e61,"[30, 5]"
1209,117,0xeb65ec7260E5f81Ee1A8F00A25f2c382D838E37B,"[30, 5]"
125,118,0x3dcbA64c3596aA254AD41502d8E15f9b54Aa6e61,"[30, 5]"
1387,119,0xeb65ec7260E5f81Ee1A8F00A25f2c382D838E37B,"[30, 5]"
483,120,0x28de46689b899af843Ec549199AD70a75ad4d960,"[30, 5]"
2628,121,0xeb65ec7260E5f81Ee1A8F00A25f2c382D838E37B,"[30, 5]"
490,122,0x28de46689b899af843Ec549199AD70a75ad4d960,"[30, 5]"
100,123,0x26098C24cA52ae70FF173817E2285A7971c22139,"[30, 5]"
1540,124,0xf300E342c7d275759C9049f4B178040dcFae1B70,"[30, 5]"
100,125,0x628E449db79206D95c26B6caCCE27328A5294A56,"[30, 5]"
118,126,0xcc7E4F0126Df47a84F53C8623659154a18c42239,"[30, 5]"
100,127,0xb86480BE80064e9ADDa8410eB5538BBc23aab7c8,"[30, 5]"
101,128,0x2c39B8C5B9D31299449474A4D0bcd8F9A32751E4,"[30, 5]"
100,129,0x9E90e0212E16a651e40e54fb4Ffa315D03538a45,"[30, 5]"
100,130,0x67acB72ea79131bb6061470413221B3584Fce640,"[30, 5]"
100,131,0x67acB72ea79131bb6061470413221B3584Fce640,"[30, 5]"
100,132,0x628E449db79206D95c26B6caCCE27328A5294A56,"[30, 5]"
100,133,0xb86480BE80064e9ADDa8410eB5538BBc23aab7c8,"[30, 5]"
100,134,0x67acB72ea79131bb6061470413221B3584Fce640,"[30, 5]"
136,135,0x185F5F1b81bd93b0D2D91c55Ca63dC06BB5314ac,"[30, 5]"
100,136,0x67acB72ea79131bb6061470413221B3584Fce640,"[30, 5]"
100,137,0x67acB72ea79131bb6061470413221B3584Fce640,"[30, 5]"
1247,138,0xf300E342c7d275759C9049f4B178040dcFae1B70,"[30, 5]"
100,139,0x67acB72ea79131bb6061470413221B3584Fce640,"[30, 5]"
100,140,0xB3f31aD589Ba65df22ED16341EA623b685DD78E5,"[30, 5]"
100,141,0xb86480BE80064e9ADDa8410eB5538BBc23aab7c8,"[30, 5]"
100,142,0xEa3F69A46b769d21CE33a161f4727F67Ac6c3F41,"[30, 5]"
125,143,0x3dcbA64c3596aA254AD41502d8E15f9b54Aa6e61,"[30, 5]"
100,144,0x3dcbA64c3596aA254AD41502d8E15f9b54Aa6e61,"[30, 5]"
913,145,0x4Ac0594f7cc48A1c3F93ED77C8bb3E09a6Fc7F87,"[30, 5]"
1319,146,0x012CAe16d4c2C4EA8D1DAbAA193f0ac5a5F33c47,"[30, 5]"
125,147,0x3dcbA64c3596aA254AD41502d8E15f9b54Aa6e61,"[30, 5]"
118,148,0xcc7E4F0126Df47a84F53C8623659154a18c42239,"[30, 5]"
118,149,0xcc7E4F0126Df47a84F53C8623659154a18c42239,"[30, 5]"
100,150,0xDdeE64B8d431cA99d107E8615943a65f206c231B,"[30, 5]"
100,151,0x67acB72ea79131bb6061470413221B3584Fce640,"[30, 5]"
200,152,0xED6F4Cd9288FB42F9E119F663B810bE25E857D0B,"[30, 5]"
149,153,0x2c39B8C5B9D31299449474A4D0bcd8F9A32751E4,"[30, 5]"
118,154,0xcc7E4F0126Df47a84F53C8623659154a18c42239,"[30, 5]"
125,155,0xED6F4Cd9288FB42F9E119F663B810bE25E857D0B,"[30, 5]"
118,156,0xcc7E4F0126Df47a84F53C8623659154a18c42239,"[30, 5]"
294,157,0xED6F4Cd9288FB42F9E119F663B810bE25E857D0B,"[30, 5]"
638,158,0xED6F4Cd9288FB42F9E119F663B810bE25E857D0B,"[30, 5]"
246,159,0xED6F4Cd9288FB42F9E119F663B810bE25E857D0B,"[30, 5]"
118,160,0xcc7E4F0126Df47a84F53C8623659154a18c42239,"[30, 5]"
194,161,0x804301A31895C7b08c83Fb37bbC1382C77D5A9e1,"[30, 5]"
300,162,0xED6F4Cd9288FB42F9E119F663B810bE25E857D0B,"[30, 5]"
100,163,0x932632a152266d7c53371FbCe16dB0b6d4886F17,"[30, 5]"
100,164,0x185F5F1b81bd93b0D2D91c55Ca63dC06BB5314ac,"[30, 5]"
109,165,0x932632a152266d7c53371FbCe16dB0b6d4886F17,"[30, 5]"
104,166,0x932632a152266d7c53371FbCe16dB0b6d4886F17,"[30, 5]"
118,167,0xcc7E4F0126Df47a84F53C8623659154a18c42239,"[30, 5]"
100,168,0xb86480BE80064e9ADDa8410eB5538BBc23aab7c8,"[30, 5]"
100,169,0xb86480BE80064e9ADDa8410eB5538BBc23aab7c8,"[30, 5]"
100,170,0x67acB72ea79131bb6061470413221B3584Fce640,"[30, 5]"
100,171,0x67acB72ea79131bb6061470413221B3584Fce640,"[30, 5]"
100,172,0x67acB72ea79131bb6061470413221B3584Fce640,"[30, 5]"
125,173,0x3dcbA64c3596aA254AD41502d8E15f9b54Aa6e61,"[30, 5]"
100,174,0x67acB72ea79131bb6061470413221B3584Fce640,"[30, 5]"
394,175,0xED6F4Cd9288FB42F9E119F663B810bE25E857D0B,"[30, 5]"
100,176,0x67acB72ea79131bb6061470413221B3584Fce640,"[30, 5]"
100,177,0x628E449db79206D95c26B6caCCE27328A5294A56,"[30, 5]"
100,178,0x67acB72ea79131bb6061470413221B3584Fce640,"[30, 5]"
100,179,0x67acB72ea79131bb6061470413221B3584Fce640,"[30, 5]"
198,180,0x804301A31895C7b08c83Fb37bbC1382C77D5A9e1,"[30, 5]"
100,181,0x67acB72ea79131bb6061470413221B3584Fce640,"[30, 5]"
100,182,0x67acB72ea79131bb6061470413221B3584Fce640,"[30, 5]"
1223,183,0x8E9Ab8D3Ca62B783FAb5e50F7015900A78cE734b,"[30, 5]"
100,184,0xC82B9CAc090A6e8737a77C1eAe4C6eb282130bB0,"[30, 5]"
100,185,0xC82B9CAc090A6e8737a77C1eAe4C6eb282130bB0,"[30, 5]"
100,186,0xC82B9CAc090A6e8737a77C1eAe4C6eb282130bB0,"[30, 5]"
100,187,0xf9832b7bc039878E5665F70F0C01FcB2d999ECAd,"[30, 5]"
100,188,0xa83ec865656BeBE944f648e54A87657Ae59B7C85,"[30, 5]"
109,189,0xa83ec865656BeBE944f648e54A87657Ae59B7C85,"[30, 5]"
100,190,0x932632a152266d7c53371FbCe16dB0b6d4886F17,"[30, 5]"
101,191,0x932632a152266d7c53371FbCe16dB0b6d4886F17,"[30, 5]"
125,192,0x932632a152266d7c53371FbCe16dB0b6d4886F17,"[30, 5]"
100,193,0x932632a152266d7c53371FbCe16dB0b6d4886F17,"[30, 5]"
183,194,0x804301A31895C7b08c83Fb37bbC1382C77D5A9e1,"[30, 5]"
100,195,0xe6aAe6aF6e89CF9386994a47aB4C5127F7a5C4C8,"[30, 5]"
100,196,0xB14Fa22a90479E6e942cf3AEC88f971f256738fa,"[30, 5]"
100,197,0x4D79b879d6A84E679B5CcDE893AaA47b7f7e46c6,"[30, 5]"
116,198,0xF427a560d44A1F5c681e8A27Cb65FcB6b3dd99B7,"[30, 5]"
100,199,0x27aea25f12f766103d2eE71143349952E480aB0F,"[30, 5]"
100,200,0x27aea25f12f766103d2eE71143349952E480aB0F,"[30, 5]"
161,201,0x804301A31895C7b08c83Fb37bbC1382C77D5A9e1,"[30, 5]"
100,202,0x4140100f2229122245E981c3874ba29CC183c8Dc,"[30, 5]"
100,203,0x4140100f2229122245E981c3874ba29CC183c8Dc,"[30, 5]"
100,204,0x4140100f2229122245E981c3874ba29CC183c8Dc,"[30, 5]"
100,205,0x4140100f2229122245E981c3874ba29CC183c8Dc,"[30, 5]"
100,206,0x01fAaE0C2D2F5d83cEF195A935Ce27CeddE41265,"[30, 5]"
100,207,0x4140100f2229122245E981c3874ba29CC183c8Dc,"[30, 5]"
150,208,0x4EA4A38e351Ae6e4d29F19a173986A178144132f,"[30, 5]"
100,209,0xb86480BE80064e9ADDa8410eB5538BBc23aab7c8,"[30, 5]"
100,210,0xb86480BE80064e9ADDa8410eB5538BBc23aab7c8,"[30, 5]"
100,211,0xb86480BE80064e9ADDa8410eB5538BBc23aab7c8,"[30, 5]"
100,212,0xb86480BE80064e9ADDa8410eB5538BBc23aab7c8,"[30, 5]"
109,213,0xcc7E4F0126Df47a84F53C8623659154a18c42239,"[30, 5]"
109,214,0xcc7E4F0126Df47a84F53C8623659154a18c42239,"[30, 5]"
118,215,0x947eb481D16FE478326e18864cE67E1A917072A4,"[30, 5]"
100,216,0xC82B9CAc090A6e8737a77C1eAe4C6eb282130bB0,"[30, 5]"
100,217,0x67acB72ea79131bb6061470413221B3584Fce640,"[30, 5]"
100,218,0xec421cC8E7D592a422466c11377D3c6e7715fd7d,"[30, 5]"
100,219,0xd24addC8F2E56dbfa77809893a138A2e864d7c5e,"[30, 5]"
100,220,0x151D712669AdEBAA73624e6F735c157b6a0F5a5b,"[30, 5]"
100,221,0x95EbC2e1E06D4b744491894fd701e1Bc8d1400eD,"[30, 5]"
100,222,0x151D712669AdEBAA73624e6F735c157b6a0F5a5b,"[30, 5]"
101,223,0xB792Dc28c0708aB0A0ecF86c1598436085D6469F,"[30, 5]"
100,224,0x7388C767079fc85845496D8CC64d5C58b820BFDB,"[30, 5]"
305,225,0x755757E14E38aE67b146D9F1cF84a58B8654eF63,"[30, 5]"
100,226,0xB45f93C6B6E56075b94fc22d690474002B92Fcc1,"[30, 5]"
100,227,0xb86480BE80064e9ADDa8410eB5538BBc23aab7c8,"[30, 5]"
100,228,0x91e9F605deF0b0589c856ec71BE2017e9a9297e1,"[30, 5]"
100,229,0xA5EB2c93a86C24105800AB109A16D8593D246a73,"[30, 5]"
976,230,0x342996D8EAC41fb5ea4ab781863eA66C230C39EA,"[30, 5]"
100,231,0x85789daB691cFb2f95118642d459E3301aC88ABA,"[30, 5]"
100,232,0x85789daB691cFb2f95118642d459E3301aC88ABA,"[30, 5]"
100,233,0x91e9F605deF0b0589c856ec71BE2017e9a9297e1,"[30, 5]"
976,234,0x342996D8EAC41fb5ea4ab781863eA66C230C39EA,"[30, 5]"
100,235,0x67acB72ea79131bb6061470413221B3584Fce640,"[30, 5]"
465,236,0x4Ac0594f7cc48A1c3F93ED77C8bb3E09a6Fc7F87,"[30, 5]"
1176,237,0x342996D8EAC41fb5ea4ab781863eA66C230C39EA,"[30, 5]"
976,238,0x342996D8EAC41fb5ea4ab781863eA66C230C39EA,"[30, 5]"
100,239,0x343302b82807AE16D3ba6BB64a974bc9Ad4822f9,"[30, 5]"
100,240,0x26098C24cA52ae70FF173817E2285A7971c22139,"[30, 5]"
1176,241,0x342996D8EAC41fb5ea4ab781863eA66C230C39EA,"[30, 5]"
100,242,0x4554C28B062FA6Ec290BCFC12fb4257C0F2AA58A,"[30, 5]"
100,243,0x9cC27036472915e946DCa02f8Ce3b7699F727af0,"[30, 5]"
1502,244,0x8E9Ab8D3Ca62B783FAb5e50F7015900A78cE734b,"[30, 5]"
100,245,0x94215606D1C7575dDd81BEc22CC362caA957351b,"[30, 5]"
100,246,0x65A2798A6112E0fb8210D83e6C6cbE5CF22eeB2B,"[30, 5]"
200,247,0xe93F001Cc9a2B773e5CB846fF72039E244047bb5,"[30, 5]"
200,248,0xe93F001Cc9a2B773e5CB846fF72039E244047bb5,"[30, 5]"
1502,249,0x8E9Ab8D3Ca62B783FAb5e50F7015900A78cE734b,"[30, 5]"
1223,250,0x8E9Ab8D3Ca62B783FAb5e50F7015900A78cE734b,"[30, 5]"
200,251,0xe93F001Cc9a2B773e5CB846fF72039E244047bb5,"[30, 5]"
100,252,0xe93F001Cc9a2B773e5CB846fF72039E244047bb5,"[30, 5]"
100,253,0xe93F001Cc9a2B773e5CB846fF72039E244047bb5,"[30, 5]"
100,254,0xe93F001Cc9a2B773e5CB846fF72039E244047bb5,"[30, 5]"
100,255,0xe93F001Cc9a2B773e5CB846fF72039E244047bb5,"[30, 5]"
100,256,0xe93F001Cc9a2B773e5CB846fF72039E244047bb5,"[30, 5]"
100,257,0xe93F001Cc9a2B773e5CB846fF72039E244047bb5,"[30, 5]"
100,258,0xc547Edf3B205d4A34B8013b5BE5Ce3F1A02fe14c,"[30, 5]"
100,259,0x91e9F605deF0b0589c856ec71BE2017e9a9297e1,"[30, 5]"
1223,260,0x8E9Ab8D3Ca62B783FAb5e50F7015900A78cE734b,"[30, 5]"
100,261,0x94215606D1C7575dDd81BEc22CC362caA957351b,"[30, 5]"
1223,262,0x8E9Ab8D3Ca62B783FAb5e50F7015900A78cE734b,"[30, 5]"
1223,263,0x8E9Ab8D3Ca62B783FAb5e50F7015900A78cE734b,"[30, 5]"
1223,264,0x8E9Ab8D3Ca62B783FAb5e50F7015900A78cE734b,"[30, 5]"
1153,265,0x8E9Ab8D3Ca62B783FAb5e50F7015900A78cE734b,"[30, 5]"
100,266,0xF309fbFebDa864B3979Cb62399f89ecb2Cc29D33,"[30, 5]"
100,267,0x185F5F1b81bd93b0D2D91c55Ca63dC06BB5314ac,"[30, 5]"
100,268,0xD977805F1124FAdC4360F11467f89cE717c1aB5A,"[30, 5]"
1121,269,0x342996D8EAC41fb5ea4ab781863eA66C230C39EA,"[30, 5]"
1223,270,0x8E9Ab8D3Ca62B783FAb5e50F7015900A78cE734b,"[30, 5]"
100,271,0x80b9CFedBd68ACe402985D0e780C4B20ae685320,"[30, 5]"
1491,272,0x8E9Ab8D3Ca62B783FAb5e50F7015900A78cE734b,"[30, 5]"
1491,273,0x8E9Ab8D3Ca62B783FAb5e50F7015900A78cE734b,"[30, 5]"
1121,274,0x342996D8EAC41fb5ea4ab781863eA66C230C39EA,"[30, 5]"
1121,275,0x342996D8EAC41fb5ea4ab781863eA66C230C39EA,"[30, 5]"
100,276,0x8c758270A7b0f414473357eFE7a669aBf21297de,"[30, 5]"
1223,277,0x8E9Ab8D3Ca62B783FAb5e50F7015900A78cE734b,"[30, 5]"
1223,278,0x8E9Ab8D3Ca62B783FAb5e50F7015900A78cE734b,"[30, 5]"
1223,279,0x8E9Ab8D3Ca62B783FAb5e50F7015900A78cE734b,"[30, 5]"
1223,280,0x8E9Ab8D3Ca62B783FAb5e50F7015900A78cE734b,"[30, 5]"
1223,281,0x8E9Ab8D3Ca62B783FAb5e50F7015900A78cE734b,"[30, 5]"
1223,282,0x8E9Ab8D3Ca62B783FAb5e50F7015900A78cE734b,"[30, 5]"
100,283,0x26098C24cA52ae70FF173817E2285A7971c22139,"[30, 5]"
100,284,0x4140100f2229122245E981c3874ba29CC183c8Dc,"[30, 5]"
976,285,0x342996D8EAC41fb5ea4ab781863eA66C230C39EA,"[30, 5]"
992,286,0x342996D8EAC41fb5ea4ab781863eA66C230C39EA,"[30, 5]"
987,287,0x342996D8EAC41fb5ea4ab781863eA66C230C39EA,"[30, 5]"
1121,288,0x342996D8EAC41fb5ea4ab781863eA66C230C39EA,"[30, 5]"
1570,289,0xE3b2F16a52671AF6a5d498D3CfDcCCdC2Ad0D58f,"[30, 5]"
100,290,0x26098C24cA52ae70FF173817E2285A7971c22139,"[30, 5]"
1635,291,0xE3b2F16a52671AF6a5d498D3CfDcCCdC2Ad0D58f,"[30, 5]"
1375,292,0xE3b2F16a52671AF6a5d498D3CfDcCCdC2Ad0D58f,"[30, 5]"
100,293,0x91e9F605deF0b0589c856ec71BE2017e9a9297e1,"[30, 5]"
100,294,0x9ab8065A7B8480662Ae2d9F9Aa94bE383540dE0b,"[30, 5]"
1528,295,0xA2C9a5e30a7838c129E7CDED2b4047271745404c,"[30, 5]"
1246,296,0x305a45d8F6d22F14046305926AA84024FE22660C,"[30, 5]"
1055,297,0x305a45d8F6d22F14046305926AA84024FE22660C,"[30, 5]"
1358,298,0x305a45d8F6d22F14046305926AA84024FE22660C,"[30, 5]"
1036,299,0x305a45d8F6d22F14046305926AA84024FE22660C,"[30, 5]"
1081,300,0x305a45d8F6d22F14046305926AA84024FE22660C,"[30, 5]"
1043,301,0x305a45d8F6d22F14046305926AA84024FE22660C,"[30, 5]"
1245,302,0x305a45d8F6d22F14046305926AA84024FE22660C,"[30, 5]"
1036,303,0x305a45d8F6d22F14046305926AA84024FE22660C,"[30, 5]"
1263,304,0x305a45d8F6d22F14046305926AA84024FE22660C,"[30, 5]"
1193,305,0x305a45d8F6d22F14046305926AA84024FE22660C,"[30, 5]"
100,306,0xdC2B6797ae6670b03909C7b8837DF9b17b6fA46f,"[30, 5]"
100,307,0xB97A925d8027E8633c2aADd377260F9d0126F7f1,"[30, 5]"
100,308,0x16DF5164aE7817eC5925E710ff2125Ca26B8D943,"[30, 5]"
100,309,0x8c758270A7b0f414473357eFE7a669aBf21297de,"[30, 5]"
100,310,0x93D8d7cdfF64d4a31eA2554a3735e58Fd69F052F,"[30, 5]"
100,311,0x8c758270A7b0f414473357eFE7a669aBf21297de,"[30, 5]"
100,312,0xBcD944c193047b342822C154938785e895Defd49,"[30, 5]"
375,313,0x4Ac0594f7cc48A1c3F93ED77C8bb3E09a6Fc7F87,"[30, 5]"
100,314,0x2836125d06212b887f74428C0001AE3e6faFa135,"[30, 5]"
100,315,0xB86D960213434872F2CbF518DB1f5A8aed8C340D,"[30, 5]"
100,316,0x8fe9b4efD86C3D7b659c15f4D06a08710BCc9819,"[30, 5]"
132,317,0x4EA4A38e351Ae6e4d29F19a173986A178144132f,"[30, 5]"
100,318,0xD8eFc644edbec77577aB3618a5Bc919FB05b6dE3,"[30, 5]"
100,319,0xD8eFc644edbec77577aB3618a5Bc919FB05b6dE3,"[30, 5]"
100,320,0xD8eFc644edbec77577aB3618a5Bc919FB05b6dE3,"[30, 5]"
100,321,0xD8eFc644edbec77577aB3618a5Bc919FB05b6dE3,"[30, 5]"
100,322,0xD8eFc644edbec77577aB3618a5Bc919FB05b6dE3,"[30, 5]"
100,323,0xD8eFc644edbec77577aB3618a5Bc919FB05b6dE3,"[30, 5]"
100,324,0xD8eFc644edbec77577aB3618a5Bc919FB05b6dE3,"[30, 5]"
100,325,0xD8eFc644edbec77577aB3618a5Bc919FB05b6dE3,"[30, 5]"
100,326,0xD8eFc644edbec77577aB3618a5Bc919FB05b6dE3,"[30, 5]"
100,327,0xD8eFc644edbec77577aB3618a5Bc919FB05b6dE3,"[30, 5]"
100,328,0xD8eFc644edbec77577aB3618a5Bc919FB05b6dE3,"[30, 5]"
100,329,0xD8eFc644edbec77577aB3618a5Bc919FB05b6dE3,"[30, 5]"
100,330,0xD8eFc644edbec77577aB3618a5Bc919FB05b6dE3,"[30, 5]"
100,331,0xD8eFc644edbec77577aB3618a5Bc919FB05b6dE3,"[30, 5]"
100,332,0xD8eFc644edbec77577aB3618a5Bc919FB05b6dE3,"[30, 5]"
100,333,0xD8eFc644edbec77577aB3618a5Bc919FB05b6dE3,"[30, 5]"
350,334,0x1439734e37552df17bCf2FF0F1E87483a09c8655,"[30, 5]"
100,335,0xd6109Dac18db4911B3642D9627E207cC8C6Ee6c1,"[30, 5]"
100,336,0xCfA1868661fEFb8b9499D255685dE3f2eB6E98f2,"[30, 5]"
100,337,0xEd9272d8DA6A828160ab3f058A2cBb70b3b1Eb69,"[30, 5]"
100,338,0x94215606D1C7575dDd81BEc22CC362caA957351b,"[30, 5]"
100,339,0xf25d0C33E203F0CBA858A4A88Dd0077ac5f8a2F9,"[30, 5]"
116,340,0x5092382de569d1123bE9c036c6AE7034AdBf72A5,"[30, 5]"
1931,341,0x97A089C0F9933e6D45D5cfb351eFE15a3817Cf04,"[30, 5]"
1402,342,0xE3b2F16a52671AF6a5d498D3CfDcCCdC2Ad0D58f,"[30, 5]"
994,343,0x342996D8EAC41fb5ea4ab781863eA66C230C39EA,"[30, 5]"
994,344,0x342996D8EAC41fb5ea4ab781863eA66C230C39EA,"[30, 5]"
994,345,0x342996D8EAC41fb5ea4ab781863eA66C230C39EA,"[30, 5]"
1323,346,0xE3b2F16a52671AF6a5d498D3CfDcCCdC2Ad0D58f,"[30, 5]"
100,347,0x94215606D1C7575dDd81BEc22CC362caA957351b,"[30, 5]"
100,348,0x94215606D1C7575dDd81BEc22CC362caA957351b,"[30, 5]"
1561,349,0xE3b2F16a52671AF6a5d498D3CfDcCCdC2Ad0D58f,"[30, 5]"
1447,350,0xE3b2F16a52671AF6a5d498D3CfDcCCdC2Ad0D58f,"[30, 5]"
100,351,0x8c758270A7b0f414473357eFE7a669aBf21297de,"[30, 5]"
125,352,0x8F909A2E37480A3607DcA6Ac7efF5C29377DD71e,"[30, 5]"
100,353,0x94215606D1C7575dDd81BEc22CC362caA957351b,"[30, 5]"
994,354,0x342996D8EAC41fb5ea4ab781863eA66C230C39EA,"[30, 5]"
994,355,0x342996D8EAC41fb5ea4ab781863eA66C230C39EA,"[30, 5]"
926,356,0x342996D8EAC41fb5ea4ab781863eA66C230C39EA,"[30, 5]"
2457,357,0x97A089C0F9933e6D45D5cfb351eFE15a3817Cf04,"[30, 5]"
100,358,0xA5a1a7d0bd4533F5B549Fb4915D839199E1ACE36,"[30, 5]"
1521,359,0x97A089C0F9933e6D45D5cfb351eFE15a3817Cf04,"[30, 5]"
1522,360,0x97A089C0F9933e6D45D5cfb351eFE15a3817Cf04,"[30, 5]"
100,361,0x736BE66ea1148E04Fc37B30BDEdB49111de4679d,"[30, 5]"
100,362,0x736BE66ea1148E04Fc37B30BDEdB49111de4679d,"[30, 5]"
125,363,0x804301A31895C7b08c83Fb37bbC1382C77D5A9e1,"[30, 5]"
100,364,0x868c1de6700af17E395944D0B4609dc930103503,"[30, 5]"
430,365,0x012CAe16d4c2C4EA8D1DAbAA193f0ac5a5F33c47,"[30, 5]"
100,366,0x94215606D1C7575dDd81BEc22CC362caA957351b,"[30, 5]"
1245,367,0xE3b2F16a52671AF6a5d498D3CfDcCCdC2Ad0D58f,"[30, 5]"
100,368,0xAd29b73216Ec1a063a1f3e9454c6BacbB74d35Ee,"[30, 5]"
933,369,0x342996D8EAC41fb5ea4ab781863eA66C230C39EA,"[30, 5]"
100,370,0xa32cc2f7BaE31c79aB75D0bc39182fd113c53790,"[30, 5]"
100,371,0x4743f149a435d8372baCD68dC4c28f29aC8e6CEc,"[30, 5]"
100,372,0x5F341a3BBe860Ae7DAD2EDbA7726ba6b4C11460c,"[30, 5]"
1463,373,0xE3b2F16a52671AF6a5d498D3CfDcCCdC2Ad0D58f,"[30, 5]"
125,374,0x8F909A2E37480A3607DcA6Ac7efF5C29377DD71e,"[30, 5]"
100,375,0x31292f90515F9EC28d475dd29c78e9c293c42b4b,"[30, 5]"
116,376,0xF935a00B0eB4cF49371E6e82f1a31A44627A88Cb,"[30, 5]"
100,377,0xeEAD4B3cB4292738B09D397436d20810CB0C7a71,"[30, 5]"
933,378,0x342996D8EAC41fb5ea4ab781863eA66C230C39EA,"[30, 5]"
100,379,0x31292f90515F9EC28d475dd29c78e9c293c42b4b,"[30, 5]"
200,380,0xED6F4Cd9288FB42F9E119F663B810bE25E857D0B,"[30, 5]"
100,381,0x0dB47bb01181f59E2e88C9892A196553a66085DF,"[30, 5]"
136,382,0xED6F4Cd9288FB42F9E119F663B810bE25E857D0B,"[30, 5]"
100,383,0xED6F4Cd9288FB42F9E119F663B810bE25E857D0B,"[30, 5]"
1112,384,0xBe87B1320297d3A238fEF61003B827e1a4ac4509,"[30, 5]"
1112,385,0xBe87B1320297d3A238fEF61003B827e1a4ac4509,"[30, 5]"
1112,386,0xBe87B1320297d3A238fEF61003B827e1a4ac4509,"[30, 5]"
1112,387,0xBe87B1320297d3A238fEF61003B827e1a4ac4509,"[30, 5]"
1112,388,0xBe87B1320297d3A238fEF61003B827e1a4ac4509,"[30, 5]"
987,389,0xBe87B1320297d3A238fEF61003B827e1a4ac4509,"[30, 5]"
1112,390,0xBe87B1320297d3A238fEF61003B827e1a4ac4509,"[30, 5]"
1112,391,0xBe87B1320297d3A238fEF61003B827e1a4ac4509,"[30, 5]"
1112,392,0xBe87B1320297d3A238fEF61003B827e1a4ac4509,"[30, 5]"
159,393,0xC72362DEb3572D3B334fDA7A8B2f0188bF27c6a1,"[30, 5]"
100,394,0x1439734e37552df17bCf2FF0F1E87483a09c8655,"[30, 5]"
757,395,0x1439734e37552df17bCf2FF0F1E87483a09c8655,"[30, 5]"
592,396,0x1439734e37552df17bCf2FF0F1E87483a09c8655,"[30, 5]"
1298,397,0x1439734e37552df17bCf2FF0F1E87483a09c8655,"[30, 5]"
1254,398,0xf4ad11828F6BeD182C273b6AeBAeF9A973CA621a,"[30, 5]"
1254,399,0xf4ad11828F6BeD182C273b6AeBAeF9A973CA621a,"[30, 5]"
1254,400,0xf4ad11828F6BeD182C273b6AeBAeF9A973CA621a,"[30, 5]"
1254,401,0xf4ad11828F6BeD182C273b6AeBAeF9A973CA621a,"[30, 5]"
1254,402,0xf4ad11828F6BeD182C273b6AeBAeF9A973CA621a,"[30, 5]"
1254,403,0xf4ad11828F6BeD182C273b6AeBAeF9A973CA621a,"[30, 5]"
1867,404,0x97A089C0F9933e6D45D5cfb351eFE15a3817Cf04,"[30, 5]"
1254,405,0xf4ad11828F6BeD182C273b6AeBAeF9A973CA621a,"[30, 5]"
1254,406,0xf4ad11828F6BeD182C273b6AeBAeF9A973CA621a,"[30, 5]"
1254,407,0xf4ad11828F6BeD182C273b6AeBAeF9A973CA621a,"[30, 5]"
100,408,0x0D3d21DB649a28a1821D672cCB2D5fFF15B626a3,"[30, 5]"
100,409,0x0D3d21DB649a28a1821D672cCB2D5fFF15B626a3,"[30, 5]"
100,410,0x48698c0254165268fF50A63a4c023D08F4D65772,"[30, 5]"
933,411,0x342996D8EAC41fb5ea4ab781863eA66C230C39EA,"[30, 5]"
933,412,0x342996D8EAC41fb5ea4ab781863eA66C230C39EA,"[30, 5]"
1041,413,0xE3b2F16a52671AF6a5d498D3CfDcCCdC2Ad0D58f,"[30, 5]"
100,414,0x727cc5e17bff78B7A49a72d8A401E1C959027ae2,"[30, 5]"
1087,415,0xE3b2F16a52671AF6a5d498D3CfDcCCdC2Ad0D58f,"[30, 5]"
1418,416,0xE3b2F16a52671AF6a5d498D3CfDcCCdC2Ad0D58f,"[30, 5]"
987,417,0x342996D8EAC41fb5ea4ab781863eA66C230C39EA,"[30, 5]"
933,418,0x342996D8EAC41fb5ea4ab781863eA66C230C39EA,"[30, 5]"
2627,419,0x97A089C0F9933e6D45D5cfb351eFE15a3817Cf04,"[30, 5]"
2489,420,0x97A089C0F9933e6D45D5cfb351eFE15a3817Cf04,"[30, 5]"
933,421,0x342996D8EAC41fb5ea4ab781863eA66C230C39EA,"[30, 5]"
132,422,0xd6FC8f7C6F477974420c84a744EE28d57147bD79,"[30, 5]"
100,423,0x3B73c9bae2540D480E73d75f9DedF95A45D0F73D,"[30, 5]"
101,424,0xFB0B80afa6318362aBd21f7B5672623b579b7587,"[30, 5]"
1155,425,0xE3b2F16a52671AF6a5d498D3CfDcCCdC2Ad0D58f,"[30, 5]"
989,426,0xE3b2F16a52671AF6a5d498D3CfDcCCdC2Ad0D58f,"[30, 5]"
100,427,0x8Cac1694208f461A192f95c7FeD8De18aa74c542,"[30, 5]"
100,428,0x804301A31895C7b08c83Fb37bbC1382C77D5A9e1,"[30, 5]"
100,429,0x8Cac1694208f461A192f95c7FeD8De18aa74c542,"[30, 5]"
396,430,0x1439734e37552df17bCf2FF0F1E87483a09c8655,"[30, 5]"
757,431,0x1439734e37552df17bCf2FF0F1E87483a09c8655,"[30, 5]"
100,432,0x96fBEEdC06743921316dA0B860E821b6322Bc620,"[30, 5]"
100,433,0xB3f31aD589Ba65df22ED16341EA623b685DD78E5,"[30, 5]"
429,434,0x28de46689b899af843Ec549199AD70a75ad4d960,"[30, 5]"
458,435,0x28de46689b899af843Ec549199AD70a75ad4d960,"[30, 5]"
458,436,0x28de46689b899af843Ec549199AD70a75ad4d960,"[30, 5]"
458,437,0x28de46689b899af843Ec549199AD70a75ad4d960,"[30, 5]"
458,438,0x28de46689b899af843Ec549199AD70a75ad4d960,"[30, 5]"
458,439,0x28de46689b899af843Ec549199AD70a75ad4d960,"[30, 5]"
458,440,0x28de46689b899af843Ec549199AD70a75ad4d960,"[30, 5]"
458,441,0x28de46689b899af843Ec549199AD70a75ad4d960,"[30, 5]"
1029,442,0x33bd4Aa1214c1c787CBDf7141FEB1aE7d8734555,"[30, 5]"
1029,443,0x33bd4Aa1214c1c787CBDf7141FEB1aE7d8734555,"[30, 5]"
1029,444,0x33bd4Aa1214c1c787CBDf7141FEB1aE7d8734555,"[30, 5]"
1029,445,0x33bd4Aa1214c1c787CBDf7141FEB1aE7d8734555,"[30, 5]"
916,446,0xE3b2F16a52671AF6a5d498D3CfDcCCdC2Ad0D58f,"[30, 5]"
1101,447,0xE3b2F16a52671AF6a5d498D3CfDcCCdC2Ad0D58f,"[30, 5]"
913,448,0xE3b2F16a52671AF6a5d498D3CfDcCCdC2Ad0D58f,"[30, 5]"
100,449,0x2CcDe611A35Aa395c8aEb2bAbB4E25C835CA1760,"[30, 5]"
100,450,0x2CcDe611A35Aa395c8aEb2bAbB4E25C835CA1760,"[30, 5]"
100,451,0x2CcDe611A35Aa395c8aEb2bAbB4E25C835CA1760,"[30, 5]"
822,452,0xA2C9a5e30a7838c129E7CDED2b4047271745404c,"[30, 5]"
1369,453,0xE3b2F16a52671AF6a5d498D3CfDcCCdC2Ad0D58f,"[30, 5]"
1207,454,0xE3b2F16a52671AF6a5d498D3CfDcCCdC2Ad0D58f,"[30, 5]"
1020,455,0xeb595B45e4c9d398BE3451dA855Ae209cF363d29,"[30, 5]"
1020,456,0xeb595B45e4c9d398BE3451dA855Ae209cF363d29,"[30, 5]"
1020,457,0xeb595B45e4c9d398BE3451dA855Ae209cF363d29,"[30, 5]"
1020,458,0xeb595B45e4c9d398BE3451dA855Ae209cF363d29,"[30, 5]"
1020,459,0xeb595B45e4c9d398BE3451dA855Ae209cF363d29,"[30, 5]"
1029,460,0x33bd4Aa1214c1c787CBDf7141FEB1aE7d8734555,"[30, 5]"
1029,461,0x33bd4Aa1214c1c787CBDf7141FEB1aE7d8734555,"[30, 5]"
1029,462,0x33bd4Aa1214c1c787CBDf7141FEB1aE7d8734555,"[30, 5]"
1029,463,0x33bd4Aa1214c1c787CBDf7141FEB1aE7d8734555,"[30, 5]"
1029,464,0x33bd4Aa1214c1c787CBDf7141FEB1aE7d8734555,"[30, 5]"
1020,465,0xeb595B45e4c9d398BE3451dA855Ae209cF363d29,"[30, 5]"
1020,466,0xeb595B45e4c9d398BE3451dA855Ae209cF363d29,"[30, 5]"
1020,467,0xeb595B45e4c9d398BE3451dA855Ae209cF363d29,"[30, 5]"
100,468,0xB34F2089268C1e7A08B5579248328b20a9f8Efd9,"[30, 5]"
100,469,0xF1BAE6c7214D9f42f3DB90d6fa3763F97BDf7B2c,"[30, 5]"
100,470,0x2CcDe611A35Aa395c8aEb2bAbB4E25C835CA1760,"[30, 5]"
100,471,0xF1BAE6c7214D9f42f3DB90d6fa3763F97BDf7B2c,"[30, 5]"
100,472,0xB34F2089268C1e7A08B5579248328b20a9f8Efd9,"[30, 5]"
100,473,0xB34F2089268C1e7A08B5579248328b20a9f8Efd9,"[30, 5]"
100,474,0xB34F2089268C1e7A08B5579248328b20a9f8Efd9,"[30, 5]"
100,475,0xF1BAE6c7214D9f42f3DB90d6fa3763F97BDf7B2c,"[30, 5]"
100,476,0xF1BAE6c7214D9f42f3DB90d6fa3763F97BDf7B2c,"[30, 5]"
1133,477,0x31BfE818BDF161e08870614852416D2E5c3011DC,"[30, 5]"
944,478,0x31BfE818BDF161e08870614852416D2E5c3011DC,"[30, 5]"
1019,479,0x342996D8EAC41fb5ea4ab781863eA66C230C39EA,"[30, 5]"
1019,480,0x342996D8EAC41fb5ea4ab781863eA66C230C39EA,"[30, 5]"
967,481,0x31BfE818BDF161e08870614852416D2E5c3011DC,"[30, 5]"
1011,482,0x31BfE818BDF161e08870614852416D2E5c3011DC,"[30, 5]"
1000,483,0x31BfE818BDF161e08870614852416D2E5c3011DC,"[30, 5]"
1019,484,0x342996D8EAC41fb5ea4ab781863eA66C230C39EA,"[30, 5]"
1019,485,0x342996D8EAC41fb5ea4ab781863eA66C230C39EA,"[30, 5]"
1024,486,0x31BfE818BDF161e08870614852416D2E5c3011DC,"[30, 5]"
988,487,0x31BfE818BDF161e08870614852416D2E5c3011DC,"[30, 5]"
1037,488,0x31BfE818BDF161e08870614852416D2E5c3011DC,"[30, 5]"
1019,489,0x342996D8EAC41fb5ea4ab781863eA66C230C39EA,"[30, 5]"
935,490,0x31BfE818BDF161e08870614852416D2E5c3011DC,"[30, 5]"
991,491,0x31BfE818BDF161e08870614852416D2E5c3011DC,"[30, 5]"
1019,492,0x342996D8EAC41fb5ea4ab781863eA66C230C39EA,"[30, 5]"
1019,493,0x342996D8EAC41fb5ea4ab781863eA66C230C39EA,"[30, 5]"
100,494,0x1D9e5D0006C8bc83fcB0cDb1a318D43dE5196d22,"[30, 5]"
1020,495,0xeb595B45e4c9d398BE3451dA855Ae209cF363d29,"[30, 5]"
797,496,0x342996D8EAC41fb5ea4ab781863eA66C230C39EA,"[30, 5]"
797,497,0x342996D8EAC41fb5ea4ab781863eA66C230C39EA,"[30, 5]"
797,498,0x342996D8EAC41fb5ea4ab781863eA66C230C39EA,"[30, 5]"
797,499,0x342996D8EAC41fb5ea4ab781863eA66C230C39EA,"[30, 5]"
797,500,0x342996D8EAC41fb5ea4ab781863eA66C230C39EA,"[30, 5]"
797,501,0x342996D8EAC41fb5ea4ab781863eA66C230C39EA,"[30, 5]"
100,502,0x3801349a677b905924c4Ed00227f9c88f9EeC754,"[30, 5]"
100,503,0x8F909A2E37480A3607DcA6Ac7efF5C29377DD71e,"[30, 5]"
100,504,0x3801349a677b905924c4Ed00227f9c88f9EeC754,"[30, 5]"
100,505,0x3801349a677b905924c4Ed00227f9c88f9EeC754,"[30, 5]"
813,506,0xE3b2F16a52671AF6a5d498D3CfDcCCdC2Ad0D58f,"[30, 5]"
100,507,0x804301A31895C7b08c83Fb37bbC1382C77D5A9e1,"[30, 5]"
100,508,0x63fC588966deacB2908b6A596a6386f3B1daD723,"[30, 5]"
100,509,0x354e4A4b75b2Ad2b8E8B598A2a0b3c667fB9cAfe,"[30, 5]"
100,510,0x63fC588966deacB2908b6A596a6386f3B1daD723,"[30, 5]"
100,511,0x63fC588966deacB2908b6A596a6386f3B1daD723,"[30, 5]"
100,512,0x63fC588966deacB2908b6A596a6386f3B1daD723,"[30, 5]"
100,513,0x63fC588966deacB2908b6A596a6386f3B1daD723,"[30, 5]"
100,514,0x63fC588966deacB2908b6A596a6386f3B1daD723,"[30, 5]"
100,515,0x63fC588966deacB2908b6A596a6386f3B1daD723,"[30, 5]"
100,516,0x63fC588966deacB2908b6A596a6386f3B1daD723,"[30, 5]"
100,517,0x63fC588966deacB2908b6A596a6386f3B1daD723,"[30, 5]"
100,518,0x63fC588966deacB2908b6A596a6386f3B1daD723,"[30, 5]"
1226,519,0xE3b2F16a52671AF6a5d498D3CfDcCCdC2Ad0D58f,"[30, 5]"
857,520,0xE3b2F16a52671AF6a5d498D3CfDcCCdC2Ad0D58f,"[30, 5]"
1040,521,0xE3b2F16a52671AF6a5d498D3CfDcCCdC2Ad0D58f,"[30, 5]"
928,522,0xE3b2F16a52671AF6a5d498D3CfDcCCdC2Ad0D58f,"[30, 5]"
1089,523,0xE3b2F16a52671AF6a5d498D3CfDcCCdC2Ad0D58f,"[30, 5]"
100,524,0x804301A31895C7b08c83Fb37bbC1382C77D5A9e1,"[30, 5]"
884,525,0x8E9Ab8D3Ca62B783FAb5e50F7015900A78cE734b,"[30, 5]"
884,526,0x8E9Ab8D3Ca62B783FAb5e50F7015900A78cE734b,"[30, 5]"
920,527,0xBe87B1320297d3A238fEF61003B827e1a4ac4509,"[30, 5]"
920,528,0xBe87B1320297d3A238fEF61003B827e1a4ac4509,"[30, 5]"
920,529,0xBe87B1320297d3A238fEF61003B827e1a4ac4509,"[30, 5]"
884,530,0x8E9Ab8D3Ca62B783FAb5e50F7015900A78cE734b,"[30, 5]"
884,531,0x8E9Ab8D3Ca62B783FAb5e50F7015900A78cE734b,"[30, 5]"
920,532,0xBe87B1320297d3A238fEF61003B827e1a4ac4509,"[30, 5]"
920,533,0xBe87B1320297d3A238fEF61003B827e1a4ac4509,"[30, 5]"
100,534,0xDad77B4cb9C33e9e075689B99F3C195cB590693F,"[30, 5]"
884,535,0x8E9Ab8D3Ca62B783FAb5e50F7015900A78cE734b,"[30, 5]"
884,536,0x8E9Ab8D3Ca62B783FAb5e50F7015900A78cE734b,"[30, 5]"
100,537,0x2a3C6f11004Ed75fd149BC42Ad2E2AA76e80256b,"[30, 5]"
920,538,0xBe87B1320297d3A238fEF61003B827e1a4ac4509,"[30, 5]"
884,539,0x8E9Ab8D3Ca62B783FAb5e50F7015900A78cE734b,"[30, 5]"
884,540,0x8E9Ab8D3Ca62B783FAb5e50F7015900A78cE734b,"[30, 5]"
920,541,0xBe87B1320297d3A238fEF61003B827e1a4ac4509,"[30, 5]"
920,542,0xBe87B1320297d3A238fEF61003B827e1a4ac4509,"[30, 5]"
719,543,0x342996D8EAC41fb5ea4ab781863eA66C230C39EA,"[30, 5]"
719,544,0x342996D8EAC41fb5ea4ab781863eA66C230C39EA,"[30, 5]"
696,545,0x342996D8EAC41fb5ea4ab781863eA66C230C39EA,"[30, 5]"
696,546,0x342996D8EAC41fb5ea4ab781863eA66C230C39EA,"[30, 5]"
696,547,0x342996D8EAC41fb5ea4ab781863eA66C230C39EA,"[30, 5]"
696,548,0x342996D8EAC41fb5ea4ab781863eA66C230C39EA,"[30, 5]"
100,549,0x9F5Fea829572d3F638DC90B17BCddA480486981E,"[30, 5]"
696,550,0x342996D8EAC41fb5ea4ab781863eA66C230C39EA,"[30, 5]"
716,551,0x342996D8EAC41fb5ea4ab781863eA66C230C39EA,"[30, 5]"
716,552,0x342996D8EAC41fb5ea4ab781863eA66C230C39EA,"[30, 5]"
614,553,0x012CAe16d4c2C4EA8D1DAbAA193f0ac5a5F33c47,"[30, 5]"
716,554,0x342996D8EAC41fb5ea4ab781863eA66C230C39EA,"[30, 5]"
667,555,0x342996D8EAC41fb5ea4ab781863eA66C230C39EA,"[30, 5]"
667,556,0x342996D8EAC41fb5ea4ab781863eA66C230C39EA,"[30, 5]"
884,557,0x8E9Ab8D3Ca62B783FAb5e50F7015900A78cE734b,"[30, 5]"
100,558,0x1079778B3F805b8030f5b9fEDc52E92D65f70cE2,"[30, 5]"
920,559,0xBe87B1320297d3A238fEF61003B827e1a4ac4509,"[30, 5]"
1078,560,0xE3b2F16a52671AF6a5d498D3CfDcCCdC2Ad0D58f,"[30, 5]"
884,561,0xfDC09C96E5B7EBe2F6C36E1bc0B6a6A8C6571C82,"[30, 5]"
911,562,0xfDC09C96E5B7EBe2F6C36E1bc0B6a6A8C6571C82,"[30, 5]"
914,563,0xfDC09C96E5B7EBe2F6C36E1bc0B6a6A8C6571C82,"[30, 5]"
974,564,0xfDC09C96E5B7EBe2F6C36E1bc0B6a6A8C6571C82,"[30, 5]"
955,565,0xfDC09C96E5B7EBe2F6C36E1bc0B6a6A8C6571C82,"[30, 5]"
1015,566,0xfDC09C96E5B7EBe2F6C36E1bc0B6a6A8C6571C82,"[30, 5]"
952,567,0xfDC09C96E5B7EBe2F6C36E1bc0B6a6A8C6571C82,"[30, 5]"
938,568,0xfDC09C96E5B7EBe2F6C36E1bc0B6a6A8C6571C82,"[30, 5]"
937,569,0xfDC09C96E5B7EBe2F6C36E1bc0B6a6A8C6571C82,"[30, 5]"
1011,570,0xfDC09C96E5B7EBe2F6C36E1bc0B6a6A8C6571C82,"[30, 5]"
100,571,0x06d7327007028f3361EC0BD2dcb59E464C88e631,"[30, 5]"
643,572,0x012CAe16d4c2C4EA8D1DAbAA193f0ac5a5F33c47,"[30, 5]"
716,573,0xE3b2F16a52671AF6a5d498D3CfDcCCdC2Ad0D58f,"[30, 5]"
722,574,0xE3b2F16a52671AF6a5d498D3CfDcCCdC2Ad0D58f,"[30, 5]"
1010,575,0xE3b2F16a52671AF6a5d498D3CfDcCCdC2Ad0D58f,"[30, 5]"
100,576,0x325409632bccFfAc706d378A2Eca57Cafa21ab11,"[30, 5]"
885,577,0xf4ad11828F6BeD182C273b6AeBAeF9A973CA621a,"[30, 5]"
885,578,0xf4ad11828F6BeD182C273b6AeBAeF9A973CA621a,"[30, 5]"
885,579,0xf4ad11828F6BeD182C273b6AeBAeF9A973CA621a,"[30, 5]"
885,580,0xf4ad11828F6BeD182C273b6AeBAeF9A973CA621a,"[30, 5]"
712,581,0xA2C9a5e30a7838c129E7CDED2b4047271745404c,"[30, 5]"
825,582,0x33bd4Aa1214c1c787CBDf7141FEB1aE7d8734555,"[30, 5]"
825,583,0x33bd4Aa1214c1c787CBDf7141FEB1aE7d8734555,"[30, 5]"
825,584,0x33bd4Aa1214c1c787CBDf7141FEB1aE7d8734555,"[30, 5]"
825,585,0x33bd4Aa1214c1c787CBDf7141FEB1aE7d8734555,"[30, 5]"
825,586,0x33bd4Aa1214c1c787CBDf7141FEB1aE7d8734555,"[30, 5]"
885,587,0xf4ad11828F6BeD182C273b6AeBAeF9A973CA621a,"[30, 5]"
885,588,0xf4ad11828F6BeD182C273b6AeBAeF9A973CA621a,"[30, 5]"
885,589,0xf4ad11828F6BeD182C273b6AeBAeF9A973CA621a,"[30, 5]"
825,590,0x33bd4Aa1214c1c787CBDf7141FEB1aE7d8734555,"[30, 5]"
825,591,0x33bd4Aa1214c1c787CBDf7141FEB1aE7d8734555,"[30, 5]"
825,592,0x33bd4Aa1214c1c787CBDf7141FEB1aE7d8734555,"[30, 5]"
825,593,0x33bd4Aa1214c1c787CBDf7141FEB1aE7d8734555,"[30, 5]"
778,594,0x6e5d43A620fC9456A1F23BE69933a516E177dDec,"[30, 5]"
895,595,0x6e5d43A620fC9456A1F23BE69933a516E177dDec,"[30, 5]"
877,596,0x6e5d43A620fC9456A1F23BE69933a516E177dDec,"[30, 5]"
879,597,0x6e5d43A620fC9456A1F23BE69933a516E177dDec,"[30, 5]"
955,598,0x6e5d43A620fC9456A1F23BE69933a516E177dDec,"[30, 5]"
778,599,0x6e5d43A620fC9456A1F23BE69933a516E177dDec,"[30, 5]"
890,600,0x6e5d43A620fC9456A1F23BE69933a516E177dDec,"[30, 5]"
1006,601,0x6e5d43A620fC9456A1F23BE69933a516E177dDec,"[30, 5]"
893,602,0x6e5d43A620fC9456A1F23BE69933a516E177dDec,"[30, 5]"
805,603,0x6e5d43A620fC9456A1F23BE69933a516E177dDec,"[30, 5]"
885,604,0xf4ad11828F6BeD182C273b6AeBAeF9A973CA621a,"[30, 5]"
885,605,0xf4ad11828F6BeD182C273b6AeBAeF9A973CA621a,"[30, 5]"
100,606,0x248589203C6aA373A77EaF1f172f6f33049f7c3d,"[30, 5]"
100,607,0xd2466014bB7fA0C5e1cBB38974301bd37a727908,"[30, 5]"
100,608,0xec574ccb58940A7551F02cF40fa661eCbE6494BF,"[30, 5]"
606,609,0xE3b2F16a52671AF6a5d498D3CfDcCCdC2Ad0D58f,"[30, 5]"
716,610,0xE3b2F16a52671AF6a5d498D3CfDcCCdC2Ad0D58f,"[30, 5]"
100,611,0xbDF5ef959c165d32Ab779D6564C85626125E6b4C,"[30, 5]"
100,612,0xc6f32D51d65D0BFBca3e359706ea675f19aAaE09,"[30, 5]"
100,613,0xc6f32D51d65D0BFBca3e359706ea675f19aAaE09,"[30, 5]"
100,614,0x435d821Ee5b346850545cB18443ca9808A9d47D0,"[30, 5]"
100,615,0x435d821Ee5b346850545cB18443ca9808A9d47D0,"[30, 5]"
819,616,0xeb595B45e4c9d398BE3451dA855Ae209cF363d29,"[30, 5]"
819,617,0xeb595B45e4c9d398BE3451dA855Ae209cF363d29,"[30, 5]"
100,618,0x531571F8a3DfE272b3eD94901aFf87Eb6D8d93d2,"[30, 5]"
819,619,0xeb595B45e4c9d398BE3451dA855Ae209cF363d29,"[30, 5]"
819,620,0xeb595B45e4c9d398BE3451dA855Ae209cF363d29,"[30, 5]"
819,621,0xeb595B45e4c9d398BE3451dA855Ae209cF363d29,"[30, 5]"
819,622,0xeb595B45e4c9d398BE3451dA855Ae209cF363d29,"[30, 5]"
819,623,0xeb595B45e4c9d398BE3451dA855Ae209cF363d29,"[30, 5]"
819,624,0xeb595B45e4c9d398BE3451dA855Ae209cF363d29,"[30, 5]"
819,625,0xeb595B45e4c9d398BE3451dA855Ae209cF363d29,"[30, 5]"
100,626,0x8fe9b4efD86C3D7b659c15f4D06a08710BCc9819,"[30, 5]"
200,627,0x1439734e37552df17bCf2FF0F1E87483a09c8655,"[30, 5]"
100,628,0xE9236d96719Bd9698755a1948776786d6320A0fa,"[30, 5]"
100,629,0x3913eCc1C8e2A97a34F51efBcCAab5848081cdCd,"[30, 5]"
100,630,0xDc47d7D45F3F48D19Bfc0bB8698355928e87D18b,"[30, 5]"
100,631,0x3C32f859Cdf536215Dd73D1D62CddF87e88B1d5A,"[30, 5]"
100,632,0x64524218879e96D9a11d48994219E389B55369B1,"[30, 5]"
200,633,0x1439734e37552df17bCf2FF0F1E87483a09c8655,"[30, 5]"
100,634,0xB4b5c03bF9d1266902CEf08c40F94A457ebf1d0c,"[30, 5]"
100,635,0xB4b5c03bF9d1266902CEf08c40F94A457ebf1d0c,"[30, 5]"
1041,636,0x97A089C0F9933e6D45D5cfb351eFE15a3817Cf04,"[30, 5]"
1105,637,0x97A089C0F9933e6D45D5cfb351eFE15a3817Cf04,"[30, 5]"
100,638,0xf91c342B6cAC5985eE3101084116Ca2Cd1F7834D,"[30, 5]"
100,639,0xed356955A4AF05D83fa553871c67aF147e14ca3E,"[30, 5]"
212,640,0x012CAe16d4c2C4EA8D1DAbAA193f0ac5a5F33c47,"[30, 5]"
593,641,0xA2C9a5e30a7838c129E7CDED2b4047271745404c,"[30, 5]"
396,642,0x1439734e37552df17bCf2FF0F1E87483a09c8655,"[30, 5]"
396,643,0x1439734e37552df17bCf2FF0F1E87483a09c8655,"[30, 5]"
396,644,0x1439734e37552df17bCf2FF0F1E87483a09c8655,"[30, 5]"
300,645,0x1439734e37552df17bCf2FF0F1E87483a09c8655,"[30, 5]"
100,646,0xaa1D0aD28771F3e053C0Bc1330C2A087dB6249C0,"[30, 5]"
200,647,0x1439734e37552df17bCf2FF0F1E87483a09c8655,"[30, 5]"
100,648,0x3913eCc1C8e2A97a34F51efBcCAab5848081cdCd,"[30, 5]"
100,649,0xf7B14D1c8a3eCa7A4d7cc8F9C8cA5B0d36822865,"[30, 5]"
141,650,0x745D3549D0A7Ae99D4Ff947332f8b079d16307d7,"[30, 5]"
100,651,0x1785B9d1C721F89e457D90c3810F7e40fE41B28E,"[30, 5]"
118,652,0xC72362DEb3572D3B334fDA7A8B2f0188bF27c6a1,"[30, 5]"
100,653,0xa6f2eCAf8b54b8776Bfbc453EA7D97422cbe2337,"[30, 5]"
100,654,0x10E59EE639436782951327eA09D19C0A779765cd,"[30, 5]"
